pattern,assurer_name,priority
bureau veritas,Bureau Veritas (India) Private Limited,10
bereau veritas,Bureau Veritas (India) Private Limited,10
dnv,DNV Business Assurance India Private Limited,10
deloitte,Deloitte Haskins & Sells LLP,10
kpmg,KPMG Assurance and Consulting Services LLP,10
sgs india,SGS India Private Limited,10
tuv sud,TUV SUD South Asia Private Limited,10
tuv india,TUV India Private Limited,20
bsi group,BSI Group India Private Limited,10
british standards,BSI Group India Private Limited,10
bdo india,BDO India LLP,10
b s r,BSR & Co. LLP,10
grant thornton,Grant Thornton Bharat LLP,10
intertek,Intertek India Private Limited,10
price waterhouse,Price Waterhouse Chartered Accountants LLP,10
cnk,CNK & Associates LLP,10
patodia,S K Patodia & Associates LLP,10
kapadia,G.M. Kapadia and Co.,10
joint values,Joint Values ESG Services Private Limited,10
batliboi,S.R. Batliboi & Co. LLP,10
