isin,symbol,fiscal_year_label,check_name,value,reason,accepted_by,accepted_on
INE423A01024,ADANIENT,FY2022-23,ghg_intensity_filed_vs_computed_outside_0.9_1.1,76074194.914011,Filed intensity uses another denominator or unit than per rupee (see ghg_intensity_filed_basis); our computed intensity is the KPI,Prity,2026-10-10
INE423A01024,ADANIENT,FY2023-24,ghg_intensity_filed_vs_computed_outside_0.9_1.1,34510464.866571,Filed intensity uses another denominator or unit than per rupee (see ghg_intensity_filed_basis); our computed intensity is the KPI,Prity,2026-10-10
INE423A01024,ADANIENT,FY2024-25,ghg_intensity_filed_vs_computed_outside_0.9_1.1,2.369892,Filed intensity uses another denominator or unit than per rupee (see ghg_intensity_filed_basis); our computed intensity is the KPI,Prity,2026-10-10
INE423A01024,ADANIENT,FY2025-26,ghg_intensity_filed_vs_computed_outside_0.9_1.1,1.750425,Filed intensity uses another denominator or unit than per rupee (see ghg_intensity_filed_basis); our computed intensity is the KPI,Prity,2026-10-10
INE742F01042,ADANIPORTS,FY2022-23,ghg_intensity_filed_vs_computed_outside_0.9_1.1,9308612.646292,Filed intensity uses another denominator or unit than per rupee (see ghg_intensity_filed_basis); our computed intensity is the KPI,Prity,2026-10-10
INE742F01042,ADANIPORTS,FY2023-24,ghg_intensity_filed_vs_computed_outside_0.9_1.1,9995508.484429,Filed intensity uses another denominator or unit than per rupee (see ghg_intensity_filed_basis); our computed intensity is the KPI,Prity,2026-10-10
INE437A01024,APOLLOHOSP,FY2022-23,ghg_intensity_filed_vs_computed_outside_0.9_1.1,996210.997418,Filed intensity uses another denominator or unit than per rupee (see ghg_intensity_filed_basis); our computed intensity is the KPI,Prity,2026-10-10
INE021A01026,ASIANPAINT,FY2022-23,ghg_intensity_filed_vs_computed_outside_0.9_1.1,10004313.222605,Filed intensity uses another denominator or unit than per rupee (see ghg_intensity_filed_basis); our computed intensity is the KPI,Prity,2026-10-10
INE021A01026,ASIANPAINT,FY2023-24,ghg_intensity_filed_vs_computed_outside_0.9_1.1,12038202.771347,Filed intensity uses another denominator or unit than per rupee (see ghg_intensity_filed_basis); our computed intensity is the KPI,Prity,2026-10-10
INE021A01026,ASIANPAINT,FY2024-25,ghg_intensity_filed_vs_computed_outside_0.9_1.1,1.229993,Filed intensity uses another denominator or unit than per rupee (see ghg_intensity_filed_basis); our computed intensity is the KPI,Prity,2026-10-10
INE021A01026,ASIANPAINT,FY2025-26,ghg_intensity_filed_vs_computed_outside_0.9_1.1,1.259897,Filed intensity uses another denominator or unit than per rupee (see ghg_intensity_filed_basis); our computed intensity is the KPI,Prity,2026-10-10
INE238A01034,AXISBANK,FY2022-23,ghg_intensity_filed_vs_computed_outside_0.9_1.1,1023328.834751,Filed intensity uses another denominator or unit than per rupee (see ghg_intensity_filed_basis); our computed intensity is the KPI,Prity,2026-10-10
INE238A01034,AXISBANK,FY2024-25,ghg_intensity_filed_vs_computed_outside_0.9_1.1,10.229795,Filed intensity uses another denominator or unit than per rupee (see ghg_intensity_filed_basis); our computed intensity is the KPI,Prity,2026-10-10
INE917I01010,BAJAJ-AUTO,FY2022-23,ghg_intensity_filed_vs_computed_outside_0.9_1.1,0.0,Filed intensity uses another denominator or unit than per rupee (see ghg_intensity_filed_basis); our computed intensity is the KPI,Prity,2026-10-10
INE918I01026,BAJAJFINSV,FY2022-23,ghg_intensity_filed_vs_computed_outside_0.9_1.1,0.0,Filed intensity uses another denominator or unit than per rupee (see ghg_intensity_filed_basis); our computed intensity is the KPI,Prity,2026-10-10
INE918I01026,BAJAJFINSV,FY2023-24,ghg_intensity_filed_vs_computed_outside_0.9_1.1,0.015702,Filed intensity uses another denominator or unit than per rupee (see ghg_intensity_filed_basis); our computed intensity is the KPI,Prity,2026-10-10
INE918I01026,BAJAJFINSV,FY2025-26,ghg_intensity_filed_vs_computed_outside_0.9_1.1,0.10012,Filed intensity uses another denominator or unit than per rupee (see ghg_intensity_filed_basis); our computed intensity is the KPI,Prity,2026-10-10
INE296A01032,BAJFINANCE,FY2022-23,ghg_intensity_filed_vs_computed_outside_0.9_1.1,10043833.322315,Filed intensity uses another denominator or unit than per rupee (see ghg_intensity_filed_basis); our computed intensity is the KPI,Prity,2026-10-10
INE263A01024,BEL,FY2022-23,ghg_intensity_filed_vs_computed_outside_0.9_1.1,10002526.028506,Filed intensity uses another denominator or unit than per rupee (see ghg_intensity_filed_basis); our computed intensity is the KPI,Prity,2026-10-10
INE263A01024,BEL,FY2023-24,ghg_intensity_filed_vs_computed_outside_0.9_1.1,9826737.447181,Filed intensity uses another denominator or unit than per rupee (see ghg_intensity_filed_basis); our computed intensity is the KPI,Prity,2026-10-10
INE263A01024,BEL,FY2024-25,ghg_intensity_filed_vs_computed_outside_0.9_1.1,9732051.991467,Filed intensity uses another denominator or unit than per rupee (see ghg_intensity_filed_basis); our computed intensity is the KPI,Prity,2026-10-10
INE263A01024,BEL,FY2025-26,ghg_intensity_filed_vs_computed_outside_0.9_1.1,9708855.331637,Filed intensity uses another denominator or unit than per rupee (see ghg_intensity_filed_basis); our computed intensity is the KPI,Prity,2026-10-10
INE397D01024,BHARTIARTL,FY2022-23,ghg_intensity_filed_vs_computed_outside_0.9_1.1,992613.8873,Filed intensity uses another denominator or unit than per rupee (see ghg_intensity_filed_basis); our computed intensity is the KPI,Prity,2026-10-10
INE118H01025,BSE,FY2022-23,ghg_intensity_filed_vs_computed_outside_0.9_1.1,0.0,Filed intensity uses another denominator or unit than per rupee (see ghg_intensity_filed_basis); our computed intensity is the KPI,Prity,2026-10-10
INE059A01026,CIPLA,FY2022-23,ghg_intensity_filed_vs_computed_outside_0.9_1.1,30077.615641,Filed intensity uses another denominator or unit than per rupee (see ghg_intensity_filed_basis); our computed intensity is the KPI,Prity,2026-10-10
INE059A01026,CIPLA,FY2023-24,ghg_intensity_filed_vs_computed_outside_0.9_1.1,0.700609,Filed intensity uses another denominator or unit than per rupee (see ghg_intensity_filed_basis); our computed intensity is the KPI,Prity,2026-10-10
INE059A01026,CIPLA,FY2024-25,ghg_intensity_filed_vs_computed_outside_0.9_1.1,0.691346,Filed intensity uses another denominator or unit than per rupee (see ghg_intensity_filed_basis); our computed intensity is the KPI,Prity,2026-10-10
INE522F01014,COALINDIA,FY2022-23,ghg_intensity_filed_vs_computed_outside_0.9_1.1,9999891.607266,Filed intensity uses another denominator or unit than per rupee (see ghg_intensity_filed_basis); our computed intensity is the KPI,Prity,2026-10-10
INE522F01014,COALINDIA,FY2023-24,ghg_intensity_filed_vs_computed_outside_0.9_1.1,1.362432,Filed intensity uses another denominator or unit than per rupee (see ghg_intensity_filed_basis); our computed intensity is the KPI,Prity,2026-10-10
INE522F01014,COALINDIA,FY2024-25,ghg_intensity_filed_vs_computed_outside_0.9_1.1,10.0,Filed intensity uses another denominator or unit than per rupee (see ghg_intensity_filed_basis); our computed intensity is the KPI,Prity,2026-10-10
INE089A01031,DRREDDY,FY2022-23,ghg_intensity_filed_vs_computed_outside_0.9_1.1,674867.28581,Filed intensity uses another denominator or unit than per rupee (see ghg_intensity_filed_basis); our computed intensity is the KPI,Prity,2026-10-10
INE089A01031,DRREDDY,FY2023-24,ghg_intensity_filed_vs_computed_outside_0.9_1.1,695574.254509,Filed intensity uses another denominator or unit than per rupee (see ghg_intensity_filed_basis); our computed intensity is the KPI,Prity,2026-10-10
INE089A01031,DRREDDY,FY2024-25,ghg_intensity_filed_vs_computed_outside_0.9_1.1,708107.793502,Filed intensity uses another denominator or unit than per rupee (see ghg_intensity_filed_basis); our computed intensity is the KPI,Prity,2026-10-10
INE089A01031,DRREDDY,FY2025-26,ghg_intensity_filed_vs_computed_outside_0.9_1.1,611217.117705,Filed intensity uses another denominator or unit than per rupee (see ghg_intensity_filed_basis); our computed intensity is the KPI,Prity,2026-10-10
INE066A01021,EICHERMOT,FY2022-23,ghg_intensity_filed_vs_computed_outside_0.9_1.1,9384016.010674,Filed intensity uses another denominator or unit than per rupee (see ghg_intensity_filed_basis); our computed intensity is the KPI,Prity,2026-10-10
INE066A01021,EICHERMOT,FY2023-24,ghg_intensity_filed_vs_computed_outside_0.9_1.1,10000000.0,Filed intensity uses another denominator or unit than per rupee (see ghg_intensity_filed_basis); our computed intensity is the KPI,Prity,2026-10-10
INE066A01021,EICHERMOT,FY2024-25,ghg_intensity_filed_vs_computed_outside_0.9_1.1,10000000.000275,Filed intensity uses another denominator or unit than per rupee (see ghg_intensity_filed_basis); our computed intensity is the KPI,Prity,2026-10-10
INE066A01021,EICHERMOT,FY2025-26,ghg_intensity_filed_vs_computed_outside_0.9_1.1,10000000.000096,Filed intensity uses another denominator or unit than per rupee (see ghg_intensity_filed_basis); our computed intensity is the KPI,Prity,2026-10-10
INE047A01021,GRASIM,FY2022-23,ghg_intensity_filed_vs_computed_outside_0.9_1.1,9999273.335916,Filed intensity uses another denominator or unit than per rupee (see ghg_intensity_filed_basis); our computed intensity is the KPI,Prity,2026-10-10
INE860A01027,HCLTECH,FY2022-23,ghg_intensity_filed_vs_computed_outside_0.9_1.1,452790.616025,Filed intensity uses another denominator or unit than per rupee (see ghg_intensity_filed_basis); our computed intensity is the KPI,Prity,2026-10-10
INE860A01027,HCLTECH,FY2023-24,ghg_intensity_filed_vs_computed_outside_0.9_1.1,437782.609932,Filed intensity uses another denominator or unit than per rupee (see ghg_intensity_filed_basis); our computed intensity is the KPI,Prity,2026-10-10
INE860A01027,HCLTECH,FY2024-25,ghg_intensity_filed_vs_computed_outside_0.9_1.1,436589.637347,Filed intensity uses another denominator or unit than per rupee (see ghg_intensity_filed_basis); our computed intensity is the KPI,Prity,2026-10-10
INE860A01027,HCLTECH,FY2025-26,ghg_intensity_filed_vs_computed_outside_0.9_1.1,0.422678,Filed intensity uses another denominator or unit than per rupee (see ghg_intensity_filed_basis); our computed intensity is the KPI,Prity,2026-10-10
INE040A01034,HDFCBANK,FY2022-23,ghg_intensity_filed_vs_computed_outside_0.9_1.1,973539.118709,Filed intensity uses another denominator or unit than per rupee (see ghg_intensity_filed_basis); our computed intensity is the KPI,Prity,2026-10-10
INE795G01014,HDFCLIFE,FY2022-23,ghg_intensity_filed_vs_computed_outside_0.9_1.1,9557575.047781,Filed intensity uses another denominator or unit than per rupee (see ghg_intensity_filed_basis); our computed intensity is the KPI,Prity,2026-10-10
INE038A01020,HINDALCO,FY2022-23,ghg_intensity_filed_vs_computed_outside_0.9_1.1,9999997.902758,Filed intensity uses another denominator or unit than per rupee (see ghg_intensity_filed_basis); our computed intensity is the KPI,Prity,2026-10-10
INE030A01027,HINDUNILVR,FY2022-23,ghg_intensity_filed_vs_computed_outside_0.9_1.1,9972145.486543,Filed intensity uses another denominator or unit than per rupee (see ghg_intensity_filed_basis); our computed intensity is the KPI,Prity,2026-10-10
INE030A01027,HINDUNILVR,FY2023-24,ghg_intensity_filed_vs_computed_outside_0.9_1.1,10019220.254558,Filed intensity uses another denominator or unit than per rupee (see ghg_intensity_filed_basis); our computed intensity is the KPI,Prity,2026-10-10
INE030A01027,HINDUNILVR,FY2024-25,ghg_intensity_filed_vs_computed_outside_0.9_1.1,9999999.999424,Filed intensity uses another denominator or unit than per rupee (see ghg_intensity_filed_basis); our computed intensity is the KPI,Prity,2026-10-10
INE030A01027,HINDUNILVR,FY2025-26,ghg_intensity_filed_vs_computed_outside_0.9_1.1,10000000.000738,Filed intensity uses another denominator or unit than per rupee (see ghg_intensity_filed_basis); our computed intensity is the KPI,Prity,2026-10-10
INE090A01021,ICICIBANK,FY2022-23,ghg_intensity_filed_vs_computed_outside_0.9_1.1,0.0,Filed intensity uses another denominator or unit than per rupee (see ghg_intensity_filed_basis); our computed intensity is the KPI,Prity,2026-10-10
INE090A01021,ICICIBANK,FY2023-24,ghg_intensity_filed_vs_computed_outside_0.9_1.1,0.8076,Filed intensity uses another denominator or unit than per rupee (see ghg_intensity_filed_basis); our computed intensity is the KPI,Prity,2026-10-10
INE090A01021,ICICIBANK,FY2024-25,ghg_intensity_filed_vs_computed_outside_0.9_1.1,0.864498,Filed intensity uses another denominator or unit than per rupee (see ghg_intensity_filed_basis); our computed intensity is the KPI,Prity,2026-10-10
INE646L01027,INDIGO,FY2022-23,ghg_intensity_filed_vs_computed_outside_0.9_1.1,0.0,Filed intensity uses another denominator or unit than per rupee (see ghg_intensity_filed_basis); our computed intensity is the KPI,Prity,2026-10-10
INE009A01021,INFY,FY2022-23,ghg_intensity_filed_vs_computed_outside_0.9_1.1,8390544.788216,Filed intensity uses another denominator or unit than per rupee (see ghg_intensity_filed_basis); our computed intensity is the KPI,Prity,2026-10-10
INE009A01021,INFY,FY2023-24,ghg_intensity_filed_vs_computed_outside_0.9_1.1,0.806677,Filed intensity uses another denominator or unit than per rupee (see ghg_intensity_filed_basis); our computed intensity is the KPI,Prity,2026-10-10
INE009A01021,INFY,FY2024-25,ghg_intensity_filed_vs_computed_outside_0.9_1.1,0.789981,Filed intensity uses another denominator or unit than per rupee (see ghg_intensity_filed_basis); our computed intensity is the KPI,Prity,2026-10-10
INE009A01021,INFY,FY2025-26,ghg_intensity_filed_vs_computed_outside_0.9_1.1,0.765897,Filed intensity uses another denominator or unit than per rupee (see ghg_intensity_filed_basis); our computed intensity is the KPI,Prity,2026-10-10
INE154A01025,ITC,FY2022-23,ghg_intensity_filed_vs_computed_outside_0.9_1.1,0.0,Filed intensity uses another denominator or unit than per rupee (see ghg_intensity_filed_basis); our computed intensity is the KPI,Prity,2026-10-10
INE019A01038,JSWSTEEL,FY2022-23,ghg_intensity_filed_vs_computed_outside_0.9_1.1,1001.123089,Filed intensity uses another denominator or unit than per rupee (see ghg_intensity_filed_basis); our computed intensity is the KPI,Prity,2026-10-10
INE237A01036,KOTAKBANK,FY2022-23,ghg_intensity_filed_vs_computed_outside_0.9_1.1,10008823.319731,Filed intensity uses another denominator or unit than per rupee (see ghg_intensity_filed_basis); our computed intensity is the KPI,Prity,2026-10-10
INE018A01030,LT,FY2022-23,ghg_intensity_filed_vs_computed_outside_0.9_1.1,1023285302.083333,Filed intensity uses another denominator or unit than per rupee (see ghg_intensity_filed_basis); our computed intensity is the KPI,Prity,2026-10-10
INE018A01030,LT,FY2023-24,ghg_intensity_filed_vs_computed_outside_0.9_1.1,10000010.29822,Filed intensity uses another denominator or unit than per rupee (see ghg_intensity_filed_basis); our computed intensity is the KPI,Prity,2026-10-10
INE018A01030,LT,FY2024-25,ghg_intensity_filed_vs_computed_outside_0.9_1.1,10000000.631867,Filed intensity uses another denominator or unit than per rupee (see ghg_intensity_filed_basis); our computed intensity is the KPI,Prity,2026-10-10
INE018A01030,LT,FY2025-26,ghg_intensity_filed_vs_computed_outside_0.9_1.1,10000010.873957,Filed intensity uses another denominator or unit than per rupee (see ghg_intensity_filed_basis); our computed intensity is the KPI,Prity,2026-10-10
INE101A01026,M&M,FY2022-23,ghg_intensity_filed_vs_computed_outside_0.9_1.1,0.0,Filed intensity uses another denominator or unit than per rupee (see ghg_intensity_filed_basis); our computed intensity is the KPI,Prity,2026-10-10
INE585B01010,MARUTI,FY2022-23,ghg_intensity_filed_vs_computed_outside_0.9_1.1,10005091.357813,Filed intensity uses another denominator or unit than per rupee (see ghg_intensity_filed_basis); our computed intensity is the KPI,Prity,2026-10-10
INE585B01010,MARUTI,FY2023-24,ghg_intensity_filed_vs_computed_outside_0.9_1.1,10000001.933414,Filed intensity uses another denominator or unit than per rupee (see ghg_intensity_filed_basis); our computed intensity is the KPI,Prity,2026-10-10
INE027H01010,MAXHEALTH,FY2022-23,ghg_intensity_filed_vs_computed_outside_0.9_1.1,98971.800434,Filed intensity uses another denominator or unit than per rupee (see ghg_intensity_filed_basis); our computed intensity is the KPI,Prity,2026-10-10
INE027H01010,MAXHEALTH,FY2024-25,ghg_intensity_filed_vs_computed_outside_0.9_1.1,10.000643,Filed intensity uses another denominator or unit than per rupee (see ghg_intensity_filed_basis); our computed intensity is the KPI,Prity,2026-10-10
INE239A01024,NESTLEIND,FY2023-24,ghg_intensity_filed_vs_computed_outside_0.9_1.1,1000130.102046,Filed intensity uses another denominator or unit than per rupee (see ghg_intensity_filed_basis); our computed intensity is the KPI,Prity,2026-10-10
INE239A01024,NESTLEIND,FY2025-26,ghg_intensity_filed_vs_computed_outside_0.9_1.1,1000000.11494,Filed intensity uses another denominator or unit than per rupee (see ghg_intensity_filed_basis); our computed intensity is the KPI,Prity,2026-10-10
INE733E01010,NTPC,FY2022-23,ghg_intensity_filed_vs_computed_outside_0.9_1.1,49.949197,Filed intensity uses another denominator or unit than per rupee (see ghg_intensity_filed_basis); our computed intensity is the KPI,Prity,2026-10-10
INE733E01010,NTPC,FY2023-24,ghg_intensity_filed_vs_computed_outside_0.9_1.1,1e-06,Filed intensity uses another denominator or unit than per rupee (see ghg_intensity_filed_basis); our computed intensity is the KPI,Prity,2026-10-10
INE213A01029,ONGC,FY2022-23,ghg_intensity_filed_vs_computed_outside_0.9_1.1,36709.178301,Filed intensity uses another denominator or unit than per rupee (see ghg_intensity_filed_basis); our computed intensity is the KPI,Prity,2026-10-10
INE752E01010,POWERGRID,FY2022-23,ghg_intensity_filed_vs_computed_outside_0.9_1.1,9995250.871675,Filed intensity uses another denominator or unit than per rupee (see ghg_intensity_filed_basis); our computed intensity is the KPI,Prity,2026-10-10
INE752E01010,POWERGRID,FY2023-24,ghg_intensity_filed_vs_computed_outside_0.9_1.1,9999999.999952,Filed intensity uses another denominator or unit than per rupee (see ghg_intensity_filed_basis); our computed intensity is the KPI,Prity,2026-10-10
INE752E01010,POWERGRID,FY2024-25,ghg_intensity_filed_vs_computed_outside_0.9_1.1,9999999.999984,Filed intensity uses another denominator or unit than per rupee (see ghg_intensity_filed_basis); our computed intensity is the KPI,Prity,2026-10-10
INE752E01010,POWERGRID,FY2025-26,ghg_intensity_filed_vs_computed_outside_0.9_1.1,9999999.999984,Filed intensity uses another denominator or unit than per rupee (see ghg_intensity_filed_basis); our computed intensity is the KPI,Prity,2026-10-10
INE002A01018,RELIANCE,FY2022-23,ghg_intensity_filed_vs_computed_outside_0.9_1.1,0.0,Filed intensity uses another denominator or unit than per rupee (see ghg_intensity_filed_basis); our computed intensity is the KPI,Prity,2026-10-10
INE123W01016,SBILIFE,FY2022-23,ghg_intensity_filed_vs_computed_outside_0.9_1.1,944507.58373,Filed intensity uses another denominator or unit than per rupee (see ghg_intensity_filed_basis); our computed intensity is the KPI,Prity,2026-10-10
INE062A01020,SBIN,FY2022-23,ghg_intensity_filed_vs_computed_outside_0.9_1.1,10003909.558783,Filed intensity uses another denominator or unit than per rupee (see ghg_intensity_filed_basis); our computed intensity is the KPI,Prity,2026-10-10
INE062A01020,SBIN,FY2023-24,ghg_intensity_filed_vs_computed_outside_0.9_1.1,10913768.942124,Filed intensity uses another denominator or unit than per rupee (see ghg_intensity_filed_basis); our computed intensity is the KPI,Prity,2026-10-10
INE721A01047,SHRIRAMFIN,FY2022-23,ghg_intensity_filed_vs_computed_outside_0.9_1.1,52744.695806,Filed intensity uses another denominator or unit than per rupee (see ghg_intensity_filed_basis); our computed intensity is the KPI,Prity,2026-10-10
INE044A01036,SUNPHARMA,FY2022-23,ghg_intensity_filed_vs_computed_outside_0.9_1.1,1002980.381349,Filed intensity uses another denominator or unit than per rupee (see ghg_intensity_filed_basis); our computed intensity is the KPI,Prity,2026-10-10
INE192A01025,TATACONSUM,FY2022-23,ghg_intensity_filed_vs_computed_outside_0.9_1.1,10004568.718616,Filed intensity uses another denominator or unit than per rupee (see ghg_intensity_filed_basis); our computed intensity is the KPI,Prity,2026-10-10
INE192A01025,TATACONSUM,FY2023-24,ghg_intensity_filed_vs_computed_outside_0.9_1.1,10000384.215908,Filed intensity uses another denominator or unit than per rupee (see ghg_intensity_filed_basis); our computed intensity is the KPI,Prity,2026-10-10
INE192A01025,TATACONSUM,FY2024-25,ghg_intensity_filed_vs_computed_outside_0.9_1.1,0.726624,Filed intensity uses another denominator or unit than per rupee (see ghg_intensity_filed_basis); our computed intensity is the KPI,Prity,2026-10-10
INE192A01025,TATACONSUM,FY2025-26,ghg_intensity_filed_vs_computed_outside_0.9_1.1,0.724515,Filed intensity uses another denominator or unit than per rupee (see ghg_intensity_filed_basis); our computed intensity is the KPI,Prity,2026-10-10
INE081A01020,TATASTEEL,FY2022-23,ghg_intensity_filed_vs_computed_outside_0.9_1.1,0.0,Filed intensity uses another denominator or unit than per rupee (see ghg_intensity_filed_basis); our computed intensity is the KPI,Prity,2026-10-10
INE081A01020,TATASTEEL,FY2023-24,ghg_intensity_filed_vs_computed_outside_0.9_1.1,0.0,Filed intensity uses another denominator or unit than per rupee (see ghg_intensity_filed_basis); our computed intensity is the KPI,Prity,2026-10-10
INE081A01020,TATASTEEL,FY2024-25,ghg_intensity_filed_vs_computed_outside_0.9_1.1,0.0,Filed intensity uses another denominator or unit than per rupee (see ghg_intensity_filed_basis); our computed intensity is the KPI,Prity,2026-10-10
INE081A01020,TATASTEEL,FY2025-26,ghg_intensity_filed_vs_computed_outside_0.9_1.1,0.0,Filed intensity uses another denominator or unit than per rupee (see ghg_intensity_filed_basis); our computed intensity is the KPI,Prity,2026-10-10
INE467B01029,TCS,FY2022-23,ghg_intensity_filed_vs_computed_outside_0.9_1.1,0.0,Filed intensity uses another denominator or unit than per rupee (see ghg_intensity_filed_basis); our computed intensity is the KPI,Prity,2026-10-10
INE669C01036,TECHM,FY2022-23,ghg_intensity_filed_vs_computed_outside_0.9_1.1,621273.645061,Filed intensity uses another denominator or unit than per rupee (see ghg_intensity_filed_basis); our computed intensity is the KPI,Prity,2026-10-10
INE669C01036,TECHM,FY2023-24,ghg_intensity_filed_vs_computed_outside_0.9_1.1,0.809746,Filed intensity uses another denominator or unit than per rupee (see ghg_intensity_filed_basis); our computed intensity is the KPI,Prity,2026-10-10
INE669C01036,TECHM,FY2024-25,ghg_intensity_filed_vs_computed_outside_0.9_1.1,0.842108,Filed intensity uses another denominator or unit than per rupee (see ghg_intensity_filed_basis); our computed intensity is the KPI,Prity,2026-10-10
INE669C01036,TECHM,FY2025-26,ghg_intensity_filed_vs_computed_outside_0.9_1.1,0.861223,Filed intensity uses another denominator or unit than per rupee (see ghg_intensity_filed_basis); our computed intensity is the KPI,Prity,2026-10-10
INE280A01028,TITAN,FY2022-23,ghg_intensity_filed_vs_computed_outside_0.9_1.1,9951417.375061,Filed intensity uses another denominator or unit than per rupee (see ghg_intensity_filed_basis); our computed intensity is the KPI,Prity,2026-10-10
INE155A01022,TMPV,FY2025-26,ghg_intensity_filed_vs_computed_outside_0.9_1.1,10.000291,Filed intensity uses another denominator or unit than per rupee (see ghg_intensity_filed_basis); our computed intensity is the KPI,Prity,2026-10-10
INE849A01020,TRENT,FY2022-23,ghg_intensity_filed_vs_computed_outside_0.9_1.1,0.0,Filed intensity uses another denominator or unit than per rupee (see ghg_intensity_filed_basis); our computed intensity is the KPI,Prity,2026-10-10
INE481G01011,ULTRACEMCO,FY2022-23,ghg_intensity_filed_vs_computed_outside_0.9_1.1,999.729847,Filed intensity uses another denominator or unit than per rupee (see ghg_intensity_filed_basis); our computed intensity is the KPI,Prity,2026-10-10
INE481G01011,ULTRACEMCO,FY2023-24,ghg_intensity_filed_vs_computed_outside_0.9_1.1,9845065.742805,Filed intensity uses another denominator or unit than per rupee (see ghg_intensity_filed_basis); our computed intensity is the KPI,Prity,2026-10-10
INE481G01011,ULTRACEMCO,FY2024-25,ghg_intensity_filed_vs_computed_outside_0.9_1.1,9328797.146421,Filed intensity uses another denominator or unit than per rupee (see ghg_intensity_filed_basis); our computed intensity is the KPI,Prity,2026-10-10
INE075A01022,WIPRO,FY2022-23,ghg_intensity_filed_vs_computed_outside_0.9_1.1,788288.539849,Filed intensity uses another denominator or unit than per rupee (see ghg_intensity_filed_basis); our computed intensity is the KPI,Prity,2026-10-10
INE075A01022,WIPRO,FY2024-25,ghg_intensity_filed_vs_computed_outside_0.9_1.1,0.755017,Filed intensity uses another denominator or unit than per rupee (see ghg_intensity_filed_basis); our computed intensity is the KPI,Prity,2026-10-10
INE075A01022,WIPRO,FY2025-26,ghg_intensity_filed_vs_computed_outside_0.9_1.1,0.771338,Filed intensity uses another denominator or unit than per rupee (see ghg_intensity_filed_basis); our computed intensity is the KPI,Prity,2026-10-10
INE263A01024,BEL,FY2024-25,pct_outside_0_100:waste_recovery_rate_pct,109.857156,"Recovered waste exceeds waste generated in the filing (possible recovery of legacy waste); value kept, flagged, not ranked",Prity,2026-10-10
INE397D01024,BHARTIARTL,FY2022-23,pct_outside_0_100:waste_recovery_rate_pct,106.652412,"Recovered waste exceeds waste generated in the filing (possible recovery of legacy waste); value kept, flagged, not ranked",Prity,2026-10-10
INE038A01020,HINDALCO,FY2023-24,pct_outside_0_100:waste_recovery_rate_pct,110.065553,"Recovered waste exceeds waste generated in the filing (possible recovery of legacy waste); value kept, flagged, not ranked",Prity,2026-10-10
INE038A01020,HINDALCO,FY2024-25,pct_outside_0_100:waste_recovery_rate_pct,111.014863,"Recovered waste exceeds waste generated in the filing (possible recovery of legacy waste); value kept, flagged, not ranked",Prity,2026-10-10
INE038A01020,HINDALCO,FY2025-26,pct_outside_0_100:waste_recovery_rate_pct,118.776295,"Recovered waste exceeds waste generated in the filing (possible recovery of legacy waste); value kept, flagged, not ranked",Prity,2026-10-10
INE081A01020,TATASTEEL,FY2023-24,pct_outside_0_100:waste_recovery_rate_pct,112.184407,"Recovered waste exceeds waste generated in the filing (possible recovery of legacy waste); value kept, flagged, not ranked",Prity,2026-10-10
INE081A01020,TATASTEEL,FY2024-25,pct_outside_0_100:waste_recovery_rate_pct,112.02084,"Recovered waste exceeds waste generated in the filing (possible recovery of legacy waste); value kept, flagged, not ranked",Prity,2026-10-10
INE081A01020,TATASTEEL,FY2025-26,pct_outside_0_100:waste_recovery_rate_pct,100.319424,"Recovered waste exceeds waste generated in the filing (possible recovery of legacy waste); value kept, flagged, not ranked",Prity,2026-10-10
INE423A01024,ADANIENT,FY2025-26,waste_balance_gap_over_20pct,47.367874,"Generated, recovered and disposed waste as filed do not add up; kept as filed, shown by waste_balance_gap_pct",Prity,2026-10-10
INE238A01034,AXISBANK,FY2022-23,waste_balance_gap_over_20pct,38.427437,"Generated, recovered and disposed waste as filed do not add up; kept as filed, shown by waste_balance_gap_pct",Prity,2026-10-10
INE238A01034,AXISBANK,FY2023-24,waste_balance_gap_over_20pct,100.0,"Generated, recovered and disposed waste as filed do not add up; kept as filed, shown by waste_balance_gap_pct",Prity,2026-10-10
INE263A01024,BEL,FY2022-23,waste_balance_gap_over_20pct,31.034511,"Generated, recovered and disposed waste as filed do not add up; kept as filed, shown by waste_balance_gap_pct",Prity,2026-10-10
INE263A01024,BEL,FY2023-24,waste_balance_gap_over_20pct,30.072764,"Generated, recovered and disposed waste as filed do not add up; kept as filed, shown by waste_balance_gap_pct",Prity,2026-10-10
INE263A01024,BEL,FY2024-25,waste_balance_gap_over_20pct,-20.240502,"Generated, recovered and disposed waste as filed do not add up; kept as filed, shown by waste_balance_gap_pct",Prity,2026-10-10
INE066A01021,EICHERMOT,FY2022-23,waste_balance_gap_over_20pct,82.996838,"Generated, recovered and disposed waste as filed do not add up; kept as filed, shown by waste_balance_gap_pct",Prity,2026-10-10
INE066A01021,EICHERMOT,FY2023-24,waste_balance_gap_over_20pct,79.337104,"Generated, recovered and disposed waste as filed do not add up; kept as filed, shown by waste_balance_gap_pct",Prity,2026-10-10
INE860A01027,HCLTECH,FY2023-24,waste_balance_gap_over_20pct,20.204688,"Generated, recovered and disposed waste as filed do not add up; kept as filed, shown by waste_balance_gap_pct",Prity,2026-10-10
INE038A01020,HINDALCO,FY2025-26,waste_balance_gap_over_20pct,-20.174154,"Generated, recovered and disposed waste as filed do not add up; kept as filed, shown by waste_balance_gap_pct",Prity,2026-10-10
INE154A01025,ITC,FY2024-25,waste_balance_gap_over_20pct,89.667733,"Generated, recovered and disposed waste as filed do not add up; kept as filed, shown by waste_balance_gap_pct",Prity,2026-10-10
INE758E01017,JIOFIN,FY2023-24,waste_balance_gap_over_20pct,100.0,"Generated, recovered and disposed waste as filed do not add up; kept as filed, shown by waste_balance_gap_pct",Prity,2026-10-10
INE758E01017,JIOFIN,FY2024-25,waste_balance_gap_over_20pct,100.0,"Generated, recovered and disposed waste as filed do not add up; kept as filed, shown by waste_balance_gap_pct",Prity,2026-10-10
INE758E01017,JIOFIN,FY2025-26,waste_balance_gap_over_20pct,100.0,"Generated, recovered and disposed waste as filed do not add up; kept as filed, shown by waste_balance_gap_pct",Prity,2026-10-10
INE018A01030,LT,FY2022-23,waste_balance_gap_over_20pct,42.686234,"Generated, recovered and disposed waste as filed do not add up; kept as filed, shown by waste_balance_gap_pct",Prity,2026-10-10
INE213A01029,ONGC,FY2022-23,waste_balance_gap_over_20pct,94.115455,"Generated, recovered and disposed waste as filed do not add up; kept as filed, shown by waste_balance_gap_pct",Prity,2026-10-10
INE213A01029,ONGC,FY2025-26,waste_balance_gap_over_20pct,50.697522,"Generated, recovered and disposed waste as filed do not add up; kept as filed, shown by waste_balance_gap_pct",Prity,2026-10-10
INE752E01010,POWERGRID,FY2022-23,waste_balance_gap_over_20pct,85.284401,"Generated, recovered and disposed waste as filed do not add up; kept as filed, shown by waste_balance_gap_pct",Prity,2026-10-10
INE752E01010,POWERGRID,FY2023-24,waste_balance_gap_over_20pct,27.285526,"Generated, recovered and disposed waste as filed do not add up; kept as filed, shown by waste_balance_gap_pct",Prity,2026-10-10
INE752E01010,POWERGRID,FY2024-25,waste_balance_gap_over_20pct,66.572388,"Generated, recovered and disposed waste as filed do not add up; kept as filed, shown by waste_balance_gap_pct",Prity,2026-10-10
INE123W01016,SBILIFE,FY2022-23,waste_balance_gap_over_20pct,100.0,"Generated, recovered and disposed waste as filed do not add up; kept as filed, shown by waste_balance_gap_pct",Prity,2026-10-10
INE123W01016,SBILIFE,FY2023-24,waste_balance_gap_over_20pct,95.221336,"Generated, recovered and disposed waste as filed do not add up; kept as filed, shown by waste_balance_gap_pct",Prity,2026-10-10
INE123W01016,SBILIFE,FY2024-25,waste_balance_gap_over_20pct,74.691604,"Generated, recovered and disposed waste as filed do not add up; kept as filed, shown by waste_balance_gap_pct",Prity,2026-10-10
INE123W01016,SBILIFE,FY2025-26,waste_balance_gap_over_20pct,74.792754,"Generated, recovered and disposed waste as filed do not add up; kept as filed, shown by waste_balance_gap_pct",Prity,2026-10-10
INE062A01020,SBIN,FY2023-24,waste_balance_gap_over_20pct,22.237636,"Generated, recovered and disposed waste as filed do not add up; kept as filed, shown by waste_balance_gap_pct",Prity,2026-10-10
INE280A01028,TITAN,FY2022-23,waste_balance_gap_over_20pct,46.733306,"Generated, recovered and disposed waste as filed do not add up; kept as filed, shown by waste_balance_gap_pct",Prity,2026-10-10
INE849A01020,TRENT,FY2022-23,waste_balance_gap_over_20pct,55.825633,"Generated, recovered and disposed waste as filed do not add up; kept as filed, shown by waste_balance_gap_pct",Prity,2026-10-10
INE481G01011,ULTRACEMCO,FY2022-23,waste_balance_gap_over_20pct,100.0,"Generated, recovered and disposed waste as filed do not add up; kept as filed, shown by waste_balance_gap_pct",Prity,2026-10-10
