override_id,symbol,fiscal_year_label,filing_id,metric_id,multiplier,reason,evidence,approved_by,approved_on
OVR-001,NTPC,FY2023-24,d560b6e3d900fcd450e231c6311aa48217b81f698efc1be35f0de5a0dae7bf9c,ghg_scope1_tco2e,1000000,"MtCO2e filed in megatonnes, not metric tonnes",CY 352.47 / PY 335.72 MtCO2e; FY23 text unit 'Million metric tonnes' 335.72; FY25 CY 3.27e8 t,Prity,2026-10-10
OVR-002,NTPC,FY2023-24,d560b6e3d900fcd450e231c6311aa48217b81f698efc1be35f0de5a0dae7bf9c,ghg_scope2_tco2e,1000000,"MtCO2e filed in megatonnes, not metric tonnes",CY 0.07 / PY 0.07 MtCO2e; FY23 'Million metric tonnes' 0.07; FY25 PY 62582.58 t,Prity,2026-10-10
OVR-003,TATASTEEL,FY2023-24,97f0de7ef2bc1c7b54504fec92fe17d1bc712f8e75efb4595de43ae18c793251,ghg_scope1_tco2e,1000000,"MtCO2e filed in megatonnes, not metric tonnes",CY 56 MtCO2e; FY23 text unit 'Million tonnes' 75.75; intensity 1e-6 x Metals & Mining peers,Prity,2026-10-10
OVR-004,TATASTEEL,FY2023-24,97f0de7ef2bc1c7b54504fec92fe17d1bc712f8e75efb4595de43ae18c793251,ghg_scope2_tco2e,1000000,"MtCO2e filed in megatonnes, not metric tonnes",CY 7 MtCO2e; FY23 text unit 'Million tonnes' 5.2,Prity,2026-10-10
OVR-005,TATASTEEL,FY2023-24,97f0de7ef2bc1c7b54504fec92fe17d1bc712f8e75efb4595de43ae18c793251,ghg_scope3_tco2e,1000000,"MtCO2e filed in megatonnes, not metric tonnes",CY 15 MtCO2e; FY23 text unit 'Million tonnes' 13.1 = FY24 PY 13,Prity,2026-10-10
OVR-006,TATASTEEL,FY2024-25,525bbbc26e07daebb71d99f0c436dc7c8338158e6279e26bc36e41a69db5e2d2,ghg_scope1_tco2e,1000000,"MtCO2e filed in megatonnes, not metric tonnes",CY 61 MtCO2e; FY23 text unit 'Million tonnes' 75.75; intensity 1e-6 x Metals & Mining peers,Prity,2026-10-10
OVR-007,TATASTEEL,FY2024-25,525bbbc26e07daebb71d99f0c436dc7c8338158e6279e26bc36e41a69db5e2d2,ghg_scope2_tco2e,1000000,"MtCO2e filed in megatonnes, not metric tonnes",CY 5 MtCO2e; FY23 text unit 'Million tonnes' 5.2,Prity,2026-10-10
OVR-008,TATASTEEL,FY2024-25,525bbbc26e07daebb71d99f0c436dc7c8338158e6279e26bc36e41a69db5e2d2,ghg_scope3_tco2e,1000000,"MtCO2e filed in megatonnes, not metric tonnes",CY 23 MtCO2e; FY23 text unit 'Million tonnes' 13.1 = FY24 PY 13,Prity,2026-10-10
OVR-009,TATASTEEL,FY2025-26,154d329caabfc08110c0e17daabc18ba9c7d68935476921fd0d4695d3bdf6c9c,ghg_scope1_tco2e,1000000,"MtCO2e filed in megatonnes, not metric tonnes",CY 64 MtCO2e; FY23 text unit 'Million tonnes' 75.75; intensity 1e-6 x Metals & Mining peers,Prity,2026-10-10
OVR-010,TATASTEEL,FY2025-26,154d329caabfc08110c0e17daabc18ba9c7d68935476921fd0d4695d3bdf6c9c,ghg_scope2_tco2e,1000000,"MtCO2e filed in megatonnes, not metric tonnes",CY 5 MtCO2e; FY23 text unit 'Million tonnes' 5.2,Prity,2026-10-10
OVR-011,TATASTEEL,FY2025-26,154d329caabfc08110c0e17daabc18ba9c7d68935476921fd0d4695d3bdf6c9c,ghg_scope3_tco2e,1000000,"MtCO2e filed in megatonnes, not metric tonnes",CY 28 MtCO2e; FY23 text unit 'Million tonnes' 13.1 = FY24 PY 13,Prity,2026-10-10
OVR-012,TCS,FY2022-23,946c1ced5af2a8788b405b5084c4af2f4f705d3655469583d5ff03a5eeb0f559,turnover_inr,1000,turnover filed in thousands of rupees,filed 2.25e9 = 0.00088x median of FY24-26 (2.55e12); x1000 -> 2.25e12 (0.88x),Prity,2026-10-10
OVR-013,BEL,FY2023-24,85cd29c7efb816675bc1096e302f29a82b526c2f1b49d7a0fb2391b543abfe31,turnover_inr,100,turnover filed ~100x too small,filed 1.98e9 = 0.0086x median of other years (2.30e11); x100 -> 1.98e11 (0.86x); filer intensity arithmetic shifts 2 decades,Prity,2026-10-10
OVR-014,JSWSTEEL,FY2022-23,3fdc0cb19d9320ed78afab3db5e53c54342946b5553077e752bc7f8dc87e8e5c,turnover_inr,10,turnover filed ~10x too small,filed 1.30e11 = 0.10x median of FY24-26 (1.29e12); x10 -> 1.30e12 (1.01x),Prity,2026-10-10
