metric_id,indicator_type,mandatory_from_fy,brsr_core,note,verified
attrition_rate_pct,essential,FY2022-23,false,Essential indicator (not BRSR Core); mandatory from FY2022-23,true
brsr_core_assurance_status,essential,FY2023-24,true,BRSR Core assurance disclosure; filed from the year Core became mandatory,true
brsr_core_assurance_type,essential,FY2023-24,true,BRSR Core assurance disclosure; filed from the year Core became mandatory,true
data_breaches_count,essential,FY2023-24,true,BRSR Core attribute 8 Fairness; mandatory from FY2023-24,true
days_payable,essential,FY2023-24,true,BRSR Core attribute 8 Fairness; mandatory from FY2023-24,true
energy_intensity_filed_gj_per_inr_cr,essential,FY2023-24,true,BRSR Core attribute 3 Energy; mandatory from FY2023-24,true
energy_renewable_gj,essential,FY2023-24,true,BRSR Core attribute 3 Energy; mandatory from FY2023-24,true
energy_total_gj,essential,FY2023-24,true,BRSR Core attribute 3 Energy; mandatory from FY2023-24,true
fatalities_count,essential,FY2023-24,true,BRSR Core attribute 5 Safety; mandatory from FY2023-24,true
female_board_pct,essential,FY2022-23,false,Essential indicator (not BRSR Core); mandatory from FY2022-23,true
female_wage_share_pct,essential,FY2023-24,true,BRSR Core attribute 6 Gender; mandatory from FY2023-24,true
ghg_intensity_filed_tco2e_per_inr_cr,essential,FY2023-24,true,BRSR Core attribute 1 GHG; mandatory from FY2023-24,true
ghg_scope1_tco2e,essential,FY2023-24,true,BRSR Core attribute 1 GHG; mandatory from FY2023-24,true
ghg_scope2_tco2e,essential,FY2023-24,true,BRSR Core attribute 1 GHG; mandatory from FY2023-24,true
ghg_scope3_tco2e,leadership,,false,"Scope 3 is a leadership (voluntary) indicator, not BRSR Core",true
headcount,essential,FY2022-23,false,Essential indicator (not BRSR Core); mandatory from FY2022-23,true
job_creation_small_towns_pct,essential,FY2023-24,true,BRSR Core attribute 7 Inclusive; mandatory from FY2023-24,true
ltifr,essential,FY2023-24,true,BRSR Core attribute 5 Safety; mandatory from FY2023-24,true
msme_sourcing_pct,essential,FY2023-24,true,BRSR Core attribute 7 Inclusive; mandatory from FY2023-24,true
nic_code,essential,FY2022-23,false,Essential indicator (not BRSR Core); mandatory from FY2022-23,true
posh_complaints_pct_female,essential,FY2023-24,true,BRSR Core attribute 6 Gender; mandatory from FY2023-24,true
posh_complaints_upheld_count,essential,FY2023-24,true,BRSR Core attribute 6 Gender; mandatory from FY2023-24,true
recordable_injuries_count,essential,FY2023-24,true,BRSR Core attribute 5 Safety; mandatory from FY2023-24,true
reporting_boundary,essential,FY2022-23,false,Essential indicator (not BRSR Core); mandatory from FY2022-23,true
rpt_purchases_pct,essential,FY2023-24,true,BRSR Core attribute 9 Openness; mandatory from FY2023-24,true
rpt_sales_pct,essential,FY2023-24,true,BRSR Core attribute 9 Openness; mandatory from FY2023-24,true
turnover_inr,essential,FY2022-23,false,Essential indicator (not BRSR Core); mandatory from FY2022-23,true
waste_disposed_t,essential,FY2023-24,true,BRSR Core attribute 4 Waste; mandatory from FY2023-24,true
waste_generated_t,essential,FY2023-24,true,BRSR Core attribute 4 Waste; mandatory from FY2023-24,true
waste_recovered_t,essential,FY2023-24,true,BRSR Core attribute 4 Waste; mandatory from FY2023-24,true
water_consumption_kl,essential,FY2023-24,true,BRSR Core attribute 2 Water; mandatory from FY2023-24,true
water_intensity_filed_kl_per_inr_cr,essential,FY2023-24,true,BRSR Core attribute 2 Water; mandatory from FY2023-24,true
water_withdrawal_kl,essential,FY2023-24,true,BRSR Core attribute 2 Water; mandatory from FY2023-24,true
wellbeing_cost_pct_revenue,essential,FY2023-24,true,BRSR Core attribute 5 Wellbeing; mandatory from FY2023-24,true
