peer_group,metric_id,is_material,reason
Financials,attrition_rate_pct,true,Material for this peer group (default: everything material)
Financials,brsr_core_assurance_status,true,Material for this peer group (default: everything material)
Financials,brsr_core_assurance_type,true,Material for this peer group (default: everything material)
Financials,data_breaches_count,true,Material for this peer group (default: everything material)
Financials,days_payable,false,"Own operations are office-based; financed emissions are not in BRSR. Shown, not ranked"
Financials,energy_intensity_filed_gj_per_inr_cr,false,"Own operations are office-based; financed emissions are not in BRSR. Shown, not ranked"
Financials,energy_renewable_gj,false,"Own operations are office-based; financed emissions are not in BRSR. Shown, not ranked"
Financials,energy_total_gj,false,"Own operations are office-based; financed emissions are not in BRSR. Shown, not ranked"
Financials,fatalities_count,false,"Own operations are office-based; financed emissions are not in BRSR. Shown, not ranked"
Financials,female_board_pct,true,Material for this peer group (default: everything material)
Financials,female_wage_share_pct,true,Material for this peer group (default: everything material)
Financials,ghg_intensity_filed_tco2e_per_inr_cr,false,"Own operations are office-based; financed emissions are not in BRSR. Shown, not ranked"
Financials,ghg_scope1_tco2e,false,"Own operations are office-based; financed emissions are not in BRSR. Shown, not ranked"
Financials,ghg_scope2_tco2e,false,"Own operations are office-based; financed emissions are not in BRSR. Shown, not ranked"
Financials,ghg_scope3_tco2e,false,"Own operations are office-based; financed emissions are not in BRSR. Shown, not ranked"
Financials,headcount,true,Material for this peer group (default: everything material)
Financials,job_creation_small_towns_pct,true,Material for this peer group (default: everything material)
Financials,ltifr,false,"Own operations are office-based; financed emissions are not in BRSR. Shown, not ranked"
Financials,msme_sourcing_pct,false,"Own operations are office-based; financed emissions are not in BRSR. Shown, not ranked"
Financials,nic_code,true,Material for this peer group (default: everything material)
Financials,posh_complaints_pct_female,true,Material for this peer group (default: everything material)
Financials,posh_complaints_upheld_count,true,Material for this peer group (default: everything material)
Financials,recordable_injuries_count,false,"Own operations are office-based; financed emissions are not in BRSR. Shown, not ranked"
Financials,reporting_boundary,true,Material for this peer group (default: everything material)
Financials,rpt_purchases_pct,true,Material for this peer group (default: everything material)
Financials,rpt_sales_pct,true,Material for this peer group (default: everything material)
Financials,turnover_inr,true,Material for this peer group (default: everything material)
Financials,waste_disposed_t,false,"Own operations are office-based; financed emissions are not in BRSR. Shown, not ranked"
Financials,waste_generated_t,false,"Own operations are office-based; financed emissions are not in BRSR. Shown, not ranked"
Financials,waste_recovered_t,false,"Own operations are office-based; financed emissions are not in BRSR. Shown, not ranked"
Financials,water_consumption_kl,false,"Own operations are office-based; financed emissions are not in BRSR. Shown, not ranked"
Financials,water_intensity_filed_kl_per_inr_cr,false,"Own operations are office-based; financed emissions are not in BRSR. Shown, not ranked"
Financials,water_withdrawal_kl,false,"Own operations are office-based; financed emissions are not in BRSR. Shown, not ranked"
Financials,wellbeing_cost_pct_revenue,true,Material for this peer group (default: everything material)
IT services,attrition_rate_pct,true,Material for this peer group (default: everything material)
IT services,brsr_core_assurance_status,true,Material for this peer group (default: everything material)
IT services,brsr_core_assurance_type,true,Material for this peer group (default: everything material)
IT services,data_breaches_count,true,Material for this peer group (default: everything material)
IT services,days_payable,true,Material for this peer group (default: everything material)
IT services,energy_intensity_filed_gj_per_inr_cr,true,Electricity is the main footprint of IT services; SASB treats energy as material for software and IT services
IT services,energy_renewable_gj,true,Electricity is the main footprint of IT services; SASB treats energy as material for software and IT services
IT services,energy_total_gj,true,Electricity is the main footprint of IT services; SASB treats energy as material for software and IT services
IT services,fatalities_count,false,"Low physical-injury exposure in office-based work. Shown, not ranked"
IT services,female_board_pct,true,Material for this peer group (default: everything material)
IT services,female_wage_share_pct,true,Material for this peer group (default: everything material)
IT services,ghg_intensity_filed_tco2e_per_inr_cr,true,Electricity is the main footprint of IT services; SASB treats energy as material for software and IT services
IT services,ghg_scope1_tco2e,true,Electricity is the main footprint of IT services; SASB treats energy as material for software and IT services
IT services,ghg_scope2_tco2e,true,Electricity is the main footprint of IT services; SASB treats energy as material for software and IT services
IT services,ghg_scope3_tco2e,true,Material for this peer group (default: everything material)
IT services,headcount,true,Material for this peer group (default: everything material)
IT services,job_creation_small_towns_pct,true,Material for this peer group (default: everything material)
IT services,ltifr,false,"Low physical-injury exposure in office-based work. Shown, not ranked"
IT services,msme_sourcing_pct,true,Material for this peer group (default: everything material)
IT services,nic_code,true,Material for this peer group (default: everything material)
IT services,posh_complaints_pct_female,true,Material for this peer group (default: everything material)
IT services,posh_complaints_upheld_count,true,Material for this peer group (default: everything material)
IT services,recordable_injuries_count,false,"Low physical-injury exposure in office-based work. Shown, not ranked"
IT services,reporting_boundary,true,Material for this peer group (default: everything material)
IT services,rpt_purchases_pct,true,Material for this peer group (default: everything material)
IT services,rpt_sales_pct,true,Material for this peer group (default: everything material)
IT services,turnover_inr,true,Material for this peer group (default: everything material)
IT services,waste_disposed_t,false,"Office-based operations: waste is small and not decision-relevant. Shown, not ranked"
IT services,waste_generated_t,false,"Office-based operations: waste is small and not decision-relevant. Shown, not ranked"
IT services,waste_recovered_t,false,"Office-based operations: waste is small and not decision-relevant. Shown, not ranked"
IT services,water_consumption_kl,false,"Office-based operations: water use is small and not decision-relevant. Shown, not ranked"
IT services,water_intensity_filed_kl_per_inr_cr,false,"Office-based operations: water use is small and not decision-relevant. Shown, not ranked"
IT services,water_withdrawal_kl,false,"Office-based operations: water use is small and not decision-relevant. Shown, not ranked"
IT services,wellbeing_cost_pct_revenue,true,Material for this peer group (default: everything material)
Consumer,attrition_rate_pct,true,Material for this peer group (default: everything material)
Consumer,brsr_core_assurance_status,true,Material for this peer group (default: everything material)
Consumer,brsr_core_assurance_type,true,Material for this peer group (default: everything material)
Consumer,data_breaches_count,true,Material for this peer group (default: everything material)
Consumer,days_payable,true,Material for this peer group (default: everything material)
Consumer,energy_intensity_filed_gj_per_inr_cr,true,Material for this peer group (default: everything material)
Consumer,energy_renewable_gj,true,Material for this peer group (default: everything material)
Consumer,energy_total_gj,true,Material for this peer group (default: everything material)
Consumer,fatalities_count,true,Material for this peer group (default: everything material)
Consumer,female_board_pct,true,Material for this peer group (default: everything material)
Consumer,female_wage_share_pct,true,Material for this peer group (default: everything material)
Consumer,ghg_intensity_filed_tco2e_per_inr_cr,true,Material for this peer group (default: everything material)
Consumer,ghg_scope1_tco2e,true,Material for this peer group (default: everything material)
Consumer,ghg_scope2_tco2e,true,Material for this peer group (default: everything material)
Consumer,ghg_scope3_tco2e,true,Material for this peer group (default: everything material)
Consumer,headcount,true,Material for this peer group (default: everything material)
Consumer,job_creation_small_towns_pct,true,Material for this peer group (default: everything material)
Consumer,ltifr,true,Material for this peer group (default: everything material)
Consumer,msme_sourcing_pct,true,Material for this peer group (default: everything material)
Consumer,nic_code,true,Material for this peer group (default: everything material)
Consumer,posh_complaints_pct_female,true,Material for this peer group (default: everything material)
Consumer,posh_complaints_upheld_count,true,Material for this peer group (default: everything material)
Consumer,recordable_injuries_count,true,Material for this peer group (default: everything material)
Consumer,reporting_boundary,true,Material for this peer group (default: everything material)
Consumer,rpt_purchases_pct,true,Material for this peer group (default: everything material)
Consumer,rpt_sales_pct,true,Material for this peer group (default: everything material)
Consumer,turnover_inr,true,Material for this peer group (default: everything material)
Consumer,waste_disposed_t,true,Material for this peer group (default: everything material)
Consumer,waste_generated_t,true,Material for this peer group (default: everything material)
Consumer,waste_recovered_t,true,Material for this peer group (default: everything material)
Consumer,water_consumption_kl,true,Material for this peer group (default: everything material)
Consumer,water_intensity_filed_kl_per_inr_cr,true,Material for this peer group (default: everything material)
Consumer,water_withdrawal_kl,true,Material for this peer group (default: everything material)
Consumer,wellbeing_cost_pct_revenue,true,Material for this peer group (default: everything material)
Healthcare,attrition_rate_pct,true,Material for this peer group (default: everything material)
Healthcare,brsr_core_assurance_status,true,Material for this peer group (default: everything material)
Healthcare,brsr_core_assurance_type,true,Material for this peer group (default: everything material)
Healthcare,data_breaches_count,true,Material for this peer group (default: everything material)
Healthcare,days_payable,true,Material for this peer group (default: everything material)
Healthcare,energy_intensity_filed_gj_per_inr_cr,true,"Healthcare: effluents, hazardous and biomedical waste make environmental metrics material"
Healthcare,energy_renewable_gj,true,"Healthcare: effluents, hazardous and biomedical waste make environmental metrics material"
Healthcare,energy_total_gj,true,"Healthcare: effluents, hazardous and biomedical waste make environmental metrics material"
Healthcare,fatalities_count,true,Hospitals and pharma plants carry real injury exposure
Healthcare,female_board_pct,true,Material for this peer group (default: everything material)
Healthcare,female_wage_share_pct,true,Material for this peer group (default: everything material)
Healthcare,ghg_intensity_filed_tco2e_per_inr_cr,true,"Healthcare: effluents, hazardous and biomedical waste make environmental metrics material"
Healthcare,ghg_scope1_tco2e,true,"Healthcare: effluents, hazardous and biomedical waste make environmental metrics material"
Healthcare,ghg_scope2_tco2e,true,"Healthcare: effluents, hazardous and biomedical waste make environmental metrics material"
Healthcare,ghg_scope3_tco2e,true,"Healthcare: effluents, hazardous and biomedical waste make environmental metrics material"
Healthcare,headcount,true,Material for this peer group (default: everything material)
Healthcare,job_creation_small_towns_pct,true,Material for this peer group (default: everything material)
Healthcare,ltifr,true,Hospitals and pharma plants carry real injury exposure
Healthcare,msme_sourcing_pct,true,Material for this peer group (default: everything material)
Healthcare,nic_code,true,Material for this peer group (default: everything material)
Healthcare,posh_complaints_pct_female,true,Material for this peer group (default: everything material)
Healthcare,posh_complaints_upheld_count,true,Material for this peer group (default: everything material)
Healthcare,recordable_injuries_count,true,Hospitals and pharma plants carry real injury exposure
Healthcare,reporting_boundary,true,Material for this peer group (default: everything material)
Healthcare,rpt_purchases_pct,true,Material for this peer group (default: everything material)
Healthcare,rpt_sales_pct,true,Material for this peer group (default: everything material)
Healthcare,turnover_inr,true,Material for this peer group (default: everything material)
Healthcare,waste_disposed_t,true,"Healthcare: effluents, hazardous and biomedical waste make environmental metrics material"
Healthcare,waste_generated_t,true,"Healthcare: effluents, hazardous and biomedical waste make environmental metrics material"
Healthcare,waste_recovered_t,true,"Healthcare: effluents, hazardous and biomedical waste make environmental metrics material"
Healthcare,water_consumption_kl,true,"Healthcare: effluents, hazardous and biomedical waste make environmental metrics material"
Healthcare,water_intensity_filed_kl_per_inr_cr,true,"Healthcare: effluents, hazardous and biomedical waste make environmental metrics material"
Healthcare,water_withdrawal_kl,true,"Healthcare: effluents, hazardous and biomedical waste make environmental metrics material"
Healthcare,wellbeing_cost_pct_revenue,true,Material for this peer group (default: everything material)
Energy & utilities,attrition_rate_pct,true,Material for this peer group (default: everything material)
Energy & utilities,brsr_core_assurance_status,true,Material for this peer group (default: everything material)
Energy & utilities,brsr_core_assurance_type,true,Material for this peer group (default: everything material)
Energy & utilities,data_breaches_count,true,Material for this peer group (default: everything material)
Energy & utilities,days_payable,true,Material for this peer group (default: everything material)
Energy & utilities,energy_intensity_filed_gj_per_inr_cr,true,Material for this peer group (default: everything material)
Energy & utilities,energy_renewable_gj,true,Material for this peer group (default: everything material)
Energy & utilities,energy_total_gj,true,Material for this peer group (default: everything material)
Energy & utilities,fatalities_count,true,Material for this peer group (default: everything material)
Energy & utilities,female_board_pct,true,Material for this peer group (default: everything material)
Energy & utilities,female_wage_share_pct,true,Material for this peer group (default: everything material)
Energy & utilities,ghg_intensity_filed_tco2e_per_inr_cr,true,Material for this peer group (default: everything material)
Energy & utilities,ghg_scope1_tco2e,true,Material for this peer group (default: everything material)
Energy & utilities,ghg_scope2_tco2e,true,Material for this peer group (default: everything material)
Energy & utilities,ghg_scope3_tco2e,true,Material for this peer group (default: everything material)
Energy & utilities,headcount,true,Material for this peer group (default: everything material)
Energy & utilities,job_creation_small_towns_pct,true,Material for this peer group (default: everything material)
Energy & utilities,ltifr,true,Material for this peer group (default: everything material)
Energy & utilities,msme_sourcing_pct,true,Material for this peer group (default: everything material)
Energy & utilities,nic_code,true,Material for this peer group (default: everything material)
Energy & utilities,posh_complaints_pct_female,true,Material for this peer group (default: everything material)
Energy & utilities,posh_complaints_upheld_count,true,Material for this peer group (default: everything material)
Energy & utilities,recordable_injuries_count,true,Material for this peer group (default: everything material)
Energy & utilities,reporting_boundary,true,Material for this peer group (default: everything material)
Energy & utilities,rpt_purchases_pct,true,Material for this peer group (default: everything material)
Energy & utilities,rpt_sales_pct,true,Material for this peer group (default: everything material)
Energy & utilities,turnover_inr,true,Material for this peer group (default: everything material)
Energy & utilities,waste_disposed_t,true,Material for this peer group (default: everything material)
Energy & utilities,waste_generated_t,true,Material for this peer group (default: everything material)
Energy & utilities,waste_recovered_t,true,Material for this peer group (default: everything material)
Energy & utilities,water_consumption_kl,true,Material for this peer group (default: everything material)
Energy & utilities,water_intensity_filed_kl_per_inr_cr,true,Material for this peer group (default: everything material)
Energy & utilities,water_withdrawal_kl,true,Material for this peer group (default: everything material)
Energy & utilities,wellbeing_cost_pct_revenue,true,Material for this peer group (default: everything material)
Metals & mining,attrition_rate_pct,true,Material for this peer group (default: everything material)
Metals & mining,brsr_core_assurance_status,true,Material for this peer group (default: everything material)
Metals & mining,brsr_core_assurance_type,true,Material for this peer group (default: everything material)
Metals & mining,data_breaches_count,true,Material for this peer group (default: everything material)
Metals & mining,days_payable,true,Material for this peer group (default: everything material)
Metals & mining,energy_intensity_filed_gj_per_inr_cr,true,Material for this peer group (default: everything material)
Metals & mining,energy_renewable_gj,true,Material for this peer group (default: everything material)
Metals & mining,energy_total_gj,true,Material for this peer group (default: everything material)
Metals & mining,fatalities_count,true,Material for this peer group (default: everything material)
Metals & mining,female_board_pct,true,Material for this peer group (default: everything material)
Metals & mining,female_wage_share_pct,true,Material for this peer group (default: everything material)
Metals & mining,ghg_intensity_filed_tco2e_per_inr_cr,true,Material for this peer group (default: everything material)
Metals & mining,ghg_scope1_tco2e,true,Material for this peer group (default: everything material)
Metals & mining,ghg_scope2_tco2e,true,Material for this peer group (default: everything material)
Metals & mining,ghg_scope3_tco2e,true,Material for this peer group (default: everything material)
Metals & mining,headcount,true,Material for this peer group (default: everything material)
Metals & mining,job_creation_small_towns_pct,true,Material for this peer group (default: everything material)
Metals & mining,ltifr,true,Material for this peer group (default: everything material)
Metals & mining,msme_sourcing_pct,true,Material for this peer group (default: everything material)
Metals & mining,nic_code,true,Material for this peer group (default: everything material)
Metals & mining,posh_complaints_pct_female,true,Material for this peer group (default: everything material)
Metals & mining,posh_complaints_upheld_count,true,Material for this peer group (default: everything material)
Metals & mining,recordable_injuries_count,true,Material for this peer group (default: everything material)
Metals & mining,reporting_boundary,true,Material for this peer group (default: everything material)
Metals & mining,rpt_purchases_pct,true,Material for this peer group (default: everything material)
Metals & mining,rpt_sales_pct,true,Material for this peer group (default: everything material)
Metals & mining,turnover_inr,true,Material for this peer group (default: everything material)
Metals & mining,waste_disposed_t,true,Material for this peer group (default: everything material)
Metals & mining,waste_generated_t,true,Material for this peer group (default: everything material)
Metals & mining,waste_recovered_t,true,Material for this peer group (default: everything material)
Metals & mining,water_consumption_kl,true,Material for this peer group (default: everything material)
Metals & mining,water_intensity_filed_kl_per_inr_cr,true,Material for this peer group (default: everything material)
Metals & mining,water_withdrawal_kl,true,Material for this peer group (default: everything material)
Metals & mining,wellbeing_cost_pct_revenue,true,Material for this peer group (default: everything material)
Cement & construction,attrition_rate_pct,true,Material for this peer group (default: everything material)
Cement & construction,brsr_core_assurance_status,true,Material for this peer group (default: everything material)
Cement & construction,brsr_core_assurance_type,true,Material for this peer group (default: everything material)
Cement & construction,data_breaches_count,true,Material for this peer group (default: everything material)
Cement & construction,days_payable,true,Material for this peer group (default: everything material)
Cement & construction,energy_intensity_filed_gj_per_inr_cr,true,Material for this peer group (default: everything material)
Cement & construction,energy_renewable_gj,true,Material for this peer group (default: everything material)
Cement & construction,energy_total_gj,true,Material for this peer group (default: everything material)
Cement & construction,fatalities_count,true,Material for this peer group (default: everything material)
Cement & construction,female_board_pct,true,Material for this peer group (default: everything material)
Cement & construction,female_wage_share_pct,true,Material for this peer group (default: everything material)
Cement & construction,ghg_intensity_filed_tco2e_per_inr_cr,true,Material for this peer group (default: everything material)
Cement & construction,ghg_scope1_tco2e,true,Material for this peer group (default: everything material)
Cement & construction,ghg_scope2_tco2e,true,Material for this peer group (default: everything material)
Cement & construction,ghg_scope3_tco2e,true,Material for this peer group (default: everything material)
Cement & construction,headcount,true,Material for this peer group (default: everything material)
Cement & construction,job_creation_small_towns_pct,true,Material for this peer group (default: everything material)
Cement & construction,ltifr,true,Material for this peer group (default: everything material)
Cement & construction,msme_sourcing_pct,true,Material for this peer group (default: everything material)
Cement & construction,nic_code,true,Material for this peer group (default: everything material)
Cement & construction,posh_complaints_pct_female,true,Material for this peer group (default: everything material)
Cement & construction,posh_complaints_upheld_count,true,Material for this peer group (default: everything material)
Cement & construction,recordable_injuries_count,true,Material for this peer group (default: everything material)
Cement & construction,reporting_boundary,true,Material for this peer group (default: everything material)
Cement & construction,rpt_purchases_pct,true,Material for this peer group (default: everything material)
Cement & construction,rpt_sales_pct,true,Material for this peer group (default: everything material)
Cement & construction,turnover_inr,true,Material for this peer group (default: everything material)
Cement & construction,waste_disposed_t,true,Material for this peer group (default: everything material)
Cement & construction,waste_generated_t,true,Material for this peer group (default: everything material)
Cement & construction,waste_recovered_t,true,Material for this peer group (default: everything material)
Cement & construction,water_consumption_kl,true,Material for this peer group (default: everything material)
Cement & construction,water_intensity_filed_kl_per_inr_cr,true,Material for this peer group (default: everything material)
Cement & construction,water_withdrawal_kl,true,Material for this peer group (default: everything material)
Cement & construction,wellbeing_cost_pct_revenue,true,Material for this peer group (default: everything material)
Automobiles,attrition_rate_pct,true,Material for this peer group (default: everything material)
Automobiles,brsr_core_assurance_status,true,Material for this peer group (default: everything material)
Automobiles,brsr_core_assurance_type,true,Material for this peer group (default: everything material)
Automobiles,data_breaches_count,true,Material for this peer group (default: everything material)
Automobiles,days_payable,true,Material for this peer group (default: everything material)
Automobiles,energy_intensity_filed_gj_per_inr_cr,true,Material for this peer group (default: everything material)
Automobiles,energy_renewable_gj,true,Material for this peer group (default: everything material)
Automobiles,energy_total_gj,true,Material for this peer group (default: everything material)
Automobiles,fatalities_count,true,Material for this peer group (default: everything material)
Automobiles,female_board_pct,true,Material for this peer group (default: everything material)
Automobiles,female_wage_share_pct,true,Material for this peer group (default: everything material)
Automobiles,ghg_intensity_filed_tco2e_per_inr_cr,true,Material for this peer group (default: everything material)
Automobiles,ghg_scope1_tco2e,true,Material for this peer group (default: everything material)
Automobiles,ghg_scope2_tco2e,true,Material for this peer group (default: everything material)
Automobiles,ghg_scope3_tco2e,true,Material for this peer group (default: everything material)
Automobiles,headcount,true,Material for this peer group (default: everything material)
Automobiles,job_creation_small_towns_pct,true,Material for this peer group (default: everything material)
Automobiles,ltifr,true,Material for this peer group (default: everything material)
Automobiles,msme_sourcing_pct,true,Material for this peer group (default: everything material)
Automobiles,nic_code,true,Material for this peer group (default: everything material)
Automobiles,posh_complaints_pct_female,true,Material for this peer group (default: everything material)
Automobiles,posh_complaints_upheld_count,true,Material for this peer group (default: everything material)
Automobiles,recordable_injuries_count,true,Material for this peer group (default: everything material)
Automobiles,reporting_boundary,true,Material for this peer group (default: everything material)
Automobiles,rpt_purchases_pct,true,Material for this peer group (default: everything material)
Automobiles,rpt_sales_pct,true,Material for this peer group (default: everything material)
Automobiles,turnover_inr,true,Material for this peer group (default: everything material)
Automobiles,waste_disposed_t,true,Material for this peer group (default: everything material)
Automobiles,waste_generated_t,true,Material for this peer group (default: everything material)
Automobiles,waste_recovered_t,true,Material for this peer group (default: everything material)
Automobiles,water_consumption_kl,true,Material for this peer group (default: everything material)
Automobiles,water_intensity_filed_kl_per_inr_cr,true,Material for this peer group (default: everything material)
Automobiles,water_withdrawal_kl,true,Material for this peer group (default: everything material)
Automobiles,wellbeing_cost_pct_revenue,true,Material for this peer group (default: everything material)
Industrials & others,attrition_rate_pct,true,Material for this peer group (default: everything material)
Industrials & others,brsr_core_assurance_status,true,Material for this peer group (default: everything material)
Industrials & others,brsr_core_assurance_type,true,Material for this peer group (default: everything material)
Industrials & others,data_breaches_count,true,Material for this peer group (default: everything material)
Industrials & others,days_payable,true,Material for this peer group (default: everything material)
Industrials & others,energy_intensity_filed_gj_per_inr_cr,true,Material for this peer group (default: everything material)
Industrials & others,energy_renewable_gj,true,Material for this peer group (default: everything material)
Industrials & others,energy_total_gj,true,Material for this peer group (default: everything material)
Industrials & others,fatalities_count,true,Material for this peer group (default: everything material)
Industrials & others,female_board_pct,true,Material for this peer group (default: everything material)
Industrials & others,female_wage_share_pct,true,Material for this peer group (default: everything material)
Industrials & others,ghg_intensity_filed_tco2e_per_inr_cr,true,Material for this peer group (default: everything material)
Industrials & others,ghg_scope1_tco2e,true,Material for this peer group (default: everything material)
Industrials & others,ghg_scope2_tco2e,true,Material for this peer group (default: everything material)
Industrials & others,ghg_scope3_tco2e,true,Material for this peer group (default: everything material)
Industrials & others,headcount,true,Material for this peer group (default: everything material)
Industrials & others,job_creation_small_towns_pct,true,Material for this peer group (default: everything material)
Industrials & others,ltifr,true,Material for this peer group (default: everything material)
Industrials & others,msme_sourcing_pct,true,Material for this peer group (default: everything material)
Industrials & others,nic_code,true,Material for this peer group (default: everything material)
Industrials & others,posh_complaints_pct_female,true,Material for this peer group (default: everything material)
Industrials & others,posh_complaints_upheld_count,true,Material for this peer group (default: everything material)
Industrials & others,recordable_injuries_count,true,Material for this peer group (default: everything material)
Industrials & others,reporting_boundary,true,Material for this peer group (default: everything material)
Industrials & others,rpt_purchases_pct,true,Material for this peer group (default: everything material)
Industrials & others,rpt_sales_pct,true,Material for this peer group (default: everything material)
Industrials & others,turnover_inr,true,Material for this peer group (default: everything material)
Industrials & others,waste_disposed_t,true,Material for this peer group (default: everything material)
Industrials & others,waste_generated_t,true,Material for this peer group (default: everything material)
Industrials & others,waste_recovered_t,true,Material for this peer group (default: everything material)
Industrials & others,water_consumption_kl,true,Material for this peer group (default: everything material)
Industrials & others,water_intensity_filed_kl_per_inr_cr,true,Material for this peer group (default: everything material)
Industrials & others,water_withdrawal_kl,true,Material for this peer group (default: everything material)
Industrials & others,wellbeing_cost_pct_revenue,true,Material for this peer group (default: everything material)
