nic_division_2d,nic_division_name,nic_section,expected_peer_group,source,verified_by
05,Mining of coal and lignite,B,Energy & utilities,"NIC-2008, MoSPI",
06,Extraction of crude petroleum and natural gas,B,Energy & utilities,"NIC-2008, MoSPI",
07,Mining of metal ores,B,Metals & mining,"NIC-2008, MoSPI",
10,Manufacture of food products,C,Consumer,"NIC-2008, MoSPI",
11,Manufacture of beverages,C,Consumer,"NIC-2008, MoSPI",
12,Manufacture of tobacco products,C,Consumer,"NIC-2008, MoSPI",
14,Manufacture of wearing apparel,C,Consumer,"NIC-2008, MoSPI",
15,Manufacture of leather and related products,C,Consumer,"NIC-2008, MoSPI",
17,Manufacture of paper and paper products,C,Industrials & others,"NIC-2008, MoSPI",
19,Manufacture of coke and refined petroleum products,C,Energy & utilities,"NIC-2008, MoSPI",
20,Manufacture of chemicals and chemical products,C,Industrials & others,"NIC-2008, MoSPI",
21,"Manufacture of pharmaceuticals, medicinal chemical and botanical products",C,Healthcare,"NIC-2008, MoSPI",
22,Manufacture of rubber and plastics products,C,Industrials & others,"NIC-2008, MoSPI",
23,Manufacture of other non-metallic mineral products,C,Cement & construction,"NIC-2008, MoSPI",
24,Manufacture of basic metals,C,Metals & mining,"NIC-2008, MoSPI",
25,"Manufacture of fabricated metal products, except machinery and equipment",C,Industrials & others,"NIC-2008, MoSPI",
26,"Manufacture of computer, electronic and optical products",C,Industrials & others,"NIC-2008, MoSPI",
27,Manufacture of electrical equipment,C,Industrials & others,"NIC-2008, MoSPI",
28,Manufacture of machinery and equipment n.e.c.,C,Industrials & others,"NIC-2008, MoSPI",
29,"Manufacture of motor vehicles, trailers and semi-trailers",C,Automobiles,"NIC-2008, MoSPI",
30,Manufacture of other transport equipment,C,Automobiles,"NIC-2008, MoSPI",
32,Other manufacturing,C,Consumer,"NIC-2008, MoSPI",
35,"Electricity, gas, steam and air conditioning supply",D,Energy & utilities,"NIC-2008, MoSPI",
36,"Water collection, treatment and supply",E,Energy & utilities,"NIC-2008, MoSPI",
41,Construction of buildings,F,Cement & construction,"NIC-2008, MoSPI",
42,Civil engineering,F,Cement & construction,"NIC-2008, MoSPI",
45,Wholesale and retail trade and repair of motor vehicles and motorcycles,G,Automobiles,"NIC-2008, MoSPI",
46,"Wholesale trade, except of motor vehicles and motorcycles",G,Consumer,"NIC-2008, MoSPI",
47,"Retail trade, except of motor vehicles and motorcycles",G,Consumer,"NIC-2008, MoSPI",
51,Air transport,H,Industrials & others,"NIC-2008, MoSPI",
52,Warehousing and support activities for transportation,H,Industrials & others,"NIC-2008, MoSPI",
55,Accommodation,I,Consumer,"NIC-2008, MoSPI",
61,Telecommunications,J,Industrials & others,"NIC-2008, MoSPI",
62,"Computer programming, consultancy and related activities",J,IT services,"NIC-2008, MoSPI",
63,Information service activities,J,IT services,"NIC-2008, MoSPI",
64,"Financial service activities, except insurance and pension funding",K,Financials,"NIC-2008, MoSPI",
65,"Insurance, reinsurance and pension funding, except compulsory social security",K,Financials,"NIC-2008, MoSPI",
66,Activities auxiliary to financial service and insurance activities,K,Financials,"NIC-2008, MoSPI",
74,"Other professional, scientific and technical activities",M,Industrials & others,"NIC-2008, MoSPI",
82,"Office administrative, office support and other business support activities",N,Industrials & others,"NIC-2008, MoSPI",
85,Education,P,Industrials & others,"NIC-2008, MoSPI",
86,Human health activities,Q,Healthcare,"NIC-2008, MoSPI",
