symbol,fiscal_year_label,nic_code_raw,nic_code_corrected,reason,verified_by
ADANIENT,FY2022-23,5101,05101,Leading zero dropped; filed description is "Mining" (NIC 05 = mining of coal and lignite),
RELIANCE,FY2022-23,6101,06101,Leading zero dropped; description is offshore extraction of petroleum (06101); 6101 would be wired telecom,
RELIANCE,FY2022-23,6201,06201,Leading zero dropped; description is offshore extraction of natural gas (06201); 6201 would be software,
RELIANCE,FY2022-23,6202,06202,Leading zero dropped; description is onshore extraction of natural gas (06202); 6202 would be IT consultancy,
COALINDIA,FY2023-24,510,0510,Leading zero dropped; description is coal and coal products (NIC 0510 = mining of hard coal),
JSWSTEEL,FY2022-23,71,071,Leading zero dropped; description is "Mining of iron ores" (NIC 071); share is 0%,
JSWSTEEL,FY2023-24,71,071,Leading zero dropped; description is "Mining of iron ores" (NIC 071); share is 0%,
JSWSTEEL,FY2024-25,71,071,Leading zero dropped; description is "Mining of iron ores" (NIC 071); share is 0%,
JSWSTEEL,FY2025-26,71,071,Leading zero dropped; description is "Mining of iron ores" (NIC 071); share is 0%,
MAXHEALTH,FY2022-23,9993,8610,9993 is not a NIC-2008 code; description is healthcare services (NIC 8610 = hospital activities),
BEL,FY2022-23,292726302008,2927,Several codes concatenated (2927 2630 2008); first code kept,
BEL,FY2023-24,292726302008,2927,Several codes concatenated (2927 2630 2008); first code kept,
BEL,FY2024-25,2008,,2008 is the NIC edition year typed as a code; treated as unclassified,
BEL,FY2025-26,2008,,2008 is the NIC edition year typed as a code; treated as unclassified,
WIPRO,FY2024-25,6201362020,62013,Two 5-digit codes concatenated (62013 62020); first code kept,
WIPRO,FY2025-26,6201362020,62013,Two 5-digit codes concatenated (62013 62020); first code kept,
