symbol,peer_group,assigned_by
BSE,Financials,analyst proposal v1
JIOFIN,Financials,analyst proposal v1
SBILIFE,Financials,analyst proposal v1
HDFCLIFE,Financials,analyst proposal v1
BAJAJFINSV,Financials,analyst proposal v1
BAJFINANCE,Financials,analyst proposal v1
SHRIRAMFIN,Financials,analyst proposal v1
HDFCBANK,Financials,analyst proposal v1
ICICIBANK,Financials,analyst proposal v1
AXISBANK,Financials,analyst proposal v1
KOTAKBANK,Financials,analyst proposal v1
SBIN,Financials,analyst proposal v1
TCS,IT services,analyst proposal v1
INFY,IT services,analyst proposal v1
HCLTECH,IT services,analyst proposal v1
TECHM,IT services,analyst proposal v1
WIPRO,IT services,analyst proposal v1
RELIANCE,Energy & utilities,analyst proposal v1
ONGC,Energy & utilities,analyst proposal v1
COALINDIA,Energy & utilities,analyst proposal v1
NTPC,Energy & utilities,analyst proposal v1
POWERGRID,Energy & utilities,analyst proposal v1
TATASTEEL,Metals & mining,analyst proposal v1
JSWSTEEL,Metals & mining,analyst proposal v1
HINDALCO,Metals & mining,analyst proposal v1
ADANIENT,Metals & mining,analyst proposal v1
ULTRACEMCO,Cement & construction,analyst proposal v1
GRASIM,Cement & construction,analyst proposal v1
LT,Cement & construction,analyst proposal v1
MARUTI,Automobiles,analyst proposal v1
M&M,Automobiles,analyst proposal v1
BAJAJ-AUTO,Automobiles,analyst proposal v1
EICHERMOT,Automobiles,analyst proposal v1
TMPV,Automobiles,analyst proposal v1
HINDUNILVR,Consumer,analyst proposal v1
ITC,Consumer,analyst proposal v1
NESTLEIND,Consumer,analyst proposal v1
TATACONSUM,Consumer,analyst proposal v1
ASIANPAINT,Consumer,analyst proposal v1
TITAN,Consumer,analyst proposal v1
TRENT,Consumer,analyst proposal v1
ETERNAL,Consumer,analyst proposal v1
SUNPHARMA,Healthcare,analyst proposal v1
DRREDDY,Healthcare,analyst proposal v1
CIPLA,Healthcare,analyst proposal v1
APOLLOHOSP,Healthcare,analyst proposal v1
MAXHEALTH,Healthcare,analyst proposal v1
BEL,Industrials & others,analyst proposal v1
ADANIPORTS,Industrials & others,analyst proposal v1
INDIGO,Industrials & others,analyst proposal v1
BHARTIARTL,Industrials & others,analyst proposal v1
